File, Function, Length, Total Width, Leading Space(s), Leading Tab(s)
repos/javascript/create-react-app/tasks/screencast-start.js,"main ( cli )",41, 75, 4, 0
repos/javascript/create-react-app/tasks/screencast.js,"main ( )",41, 74, 4, 0
repos/javascript/create-react-app/tasks/screencast.js,"cut ( frames , { start , end } )",10, 52, 2, 0
repos/javascript/create-react-app/tasks/screencast.js,"replace ( frames , replacements )",5, 78, 4, 0
repos/javascript/create-react-app/test/fixtures/__shared__/util/scripts.js,"stripYarn ( output )",11, 71, 4, 0
repos/javascript/create-react-app/test/fixtures/__shared__/util/scripts.js,"execaSafe ( ... args )",24, 46, 4, 0
repos/javascript/create-react-app/test/fixtures/webpack-message-formatting/src/AppLintWarning.js,"foo ( )",1, 18, 0, 0
repos/javascript/create-react-app/test/fixtures/webpack-message-formatting/src/AppLintError.js,"foo ( )",3, 17, 0, 0
repos/javascript/create-react-app/test/fixtures/webpack-message-formatting/src/FooExport.js,"foo ( )",3, 24, 0, 0
repos/javascript/create-react-app/packages/babel-preset-react-app/test.js,"module.exports ( api , opts )",3, 71, 2, 0
repos/javascript/create-react-app/packages/babel-preset-react-app/webpack-overrides.js,"module.exports ( )",21, 84, 6, 0
repos/javascript/create-react-app/packages/babel-preset-react-app/index.js,"module.exports ( api , opts )",10, 82, 2, 0
repos/javascript/create-react-app/packages/babel-preset-react-app/create.js,"module.exports ( api , opts , env )",178, 151, 10, 0
repos/javascript/create-react-app/packages/babel-preset-react-app/prod.js,"module.exports ( api , opts )",3, 77, 2, 0
repos/javascript/create-react-app/packages/babel-preset-react-app/dev.js,"module.exports ( api , opts )",3, 78, 2, 0
repos/javascript/create-react-app/packages/babel-preset-react-app/dependencies.js,"module.exports ( api , opts )",109, 151, 10, 0
repos/javascript/create-react-app/packages/react-dev-utils/clearConsole.js,"clearConsole ( )",5, 77, 4, 0
repos/javascript/create-react-app/packages/react-dev-utils/FileSizeReporter.js,"canReadAsset ( asset )",7, 52, 4, 0
repos/javascript/create-react-app/packages/react-dev-utils/FileSizeReporter.js,"printFileSizesAfterBuild ( webpackStats , previousSizeMap , buildFolder , maxBundleGzipSize , maxChunkGzipSize )",78, 80, 6, 0
repos/javascript/create-react-app/packages/react-dev-utils/FileSizeReporter.js,"removeFileNameHash ( buildFolder , fileName )",9, 53, 0, 0
repos/javascript/create-react-app/packages/react-dev-utils/FileSizeReporter.js,"getDifferenceLabel ( currentSize , previousSize )",14, 71, 2, 0
repos/javascript/create-react-app/packages/react-dev-utils/FileSizeReporter.js,"measureFileSizesBeforeBuild ( buildFolder )",19, 76, 8, 0
repos/javascript/create-react-app/packages/react-dev-utils/printBuildError.js,"printBuildError ( err )",34, 74, 10, 0
repos/javascript/create-react-app/packages/react-dev-utils/formatWebpackMessages.js,"isLikelyASyntaxError ( message )",3, 59, 2, 0
repos/javascript/create-react-app/packages/react-dev-utils/formatWebpackMessages.js,"formatMessage ( message )",92, 89, 4, 0
repos/javascript/create-react-app/packages/react-dev-utils/formatWebpackMessages.js,"function ( message )",3, 62, 2, 0
repos/javascript/create-react-app/packages/react-dev-utils/formatWebpackMessages.js,"function ( message )",3, 66, 2, 0
repos/javascript/create-react-app/packages/react-dev-utils/formatWebpackMessages.js,"formatWebpackMessages ( json )",14, 75, 2, 0
repos/javascript/create-react-app/packages/react-dev-utils/ignoredFiles.js,"ignoredFiles ( appSrc )",8, 58, 6, 0
repos/javascript/create-react-app/packages/react-dev-utils/printHostingInstructions.js,"printHostingInstructions ( appPackage , publicUrl , publicPath , buildFolder , useYarn )",30, 78, 4, 0
repos/javascript/create-react-app/packages/react-dev-utils/printHostingInstructions.js,"printBaseMessage ( buildFolder , hostingLocation )",25, 81, 2, 0
repos/javascript/create-react-app/packages/react-dev-utils/printHostingInstructions.js,"printDeployInstructions ( publicUrl , hasDeployScript , useYarn )",39, 76, 2, 0
repos/javascript/create-react-app/packages/react-dev-utils/printHostingInstructions.js,"printStaticServerInstructions ( buildFolder , useYarn )",13, 63, 0, 0
repos/javascript/create-react-app/packages/react-dev-utils/getCSSModuleLocalIdent.js,"getLocalIdent ( context , localIdentName , localName , options )",28, 127, 2, 0
repos/javascript/create-react-app/packages/react-dev-utils/getProcessForPort.js,"isProcessAReactApp ( processCommand )",3, 79, 2, 0
repos/javascript/create-react-app/packages/react-dev-utils/getProcessForPort.js,"getProcessIdOnPort ( port )",5, 74, 2, 0
repos/javascript/create-react-app/packages/react-dev-utils/getProcessForPort.js,"getPackageNameInDirectory ( directory )",9, 65, 2, 0
repos/javascript/create-react-app/packages/react-dev-utils/getProcessForPort.js,"getProcessCommand ( processId , processDirectory )",15, 69, 4, 0
repos/javascript/create-react-app/packages/react-dev-utils/getProcessForPort.js,"getDirectoryOfProcessById ( processId )",8, 71, 6, 0
repos/javascript/create-react-app/packages/react-dev-utils/getProcessForPort.js,"getProcessForPort ( port )",15, 59, 4, 0
repos/javascript/create-react-app/packages/react-dev-utils/eslintFormatter.js,"isError ( message )",6, 49, 2, 0
repos/javascript/create-react-app/packages/react-dev-utils/eslintFormatter.js,"formatter ( results )",74, 70, 6, 0
repos/javascript/create-react-app/packages/react-dev-utils/WebpackDevServerUtils.js,"prepareUrls ( protocol , host , port )",53, 85, 8, 0
repos/javascript/create-react-app/packages/react-dev-utils/WebpackDevServerUtils.js,"printInstructions ( appName , urls , useYarn )",24, 74, 2, 0
repos/javascript/create-react-app/packages/react-dev-utils/WebpackDevServerUtils.js,"createCompiler ( { appName , config , devSocket , urls , useYarn , useTypeScript , webpack , } )",171, 87, 4, 0
repos/javascript/create-react-app/packages/react-dev-utils/WebpackDevServerUtils.js,"resolveLoopback ( proxy )",28, 74, 2, 0
repos/javascript/create-react-app/packages/react-dev-utils/WebpackDevServerUtils.js,"onProxyError ( proxy )",38, 100, 6, 0
repos/javascript/create-react-app/packages/react-dev-utils/WebpackDevServerUtils.js,"mayProxy ( pathname )",4, 78, 4, 0
repos/javascript/create-react-app/packages/react-dev-utils/WebpackDevServerUtils.js,"context ( pathname , req )",8, 60, 12, 0
repos/javascript/create-react-app/packages/react-dev-utils/WebpackDevServerUtils.js,"prepareProxy ( proxy , appPublicFolder )",77, 98, 8, 0
repos/javascript/create-react-app/packages/react-dev-utils/WebpackDevServerUtils.js,"choosePort ( host , defaultPort )",46, 85, 12, 0
repos/javascript/create-react-app/packages/react-dev-utils/webpackHotDevClient.js,"editorHandler ( errorLocation )",12, 70, 0, 0
repos/javascript/create-react-app/packages/react-dev-utils/webpackHotDevClient.js,"onError ( )",3, 28, 4, 0
repos/javascript/create-react-app/packages/react-dev-utils/webpackHotDevClient.js,"function ( )",4, 47, 4, 0
repos/javascript/create-react-app/packages/react-dev-utils/webpackHotDevClient.js,"connection.onclose ( )",7, 81, 6, 0
repos/javascript/create-react-app/packages/react-dev-utils/webpackHotDevClient.js,"clearOutdatedErrors ( )",8, 79, 2, 0
repos/javascript/create-react-app/packages/react-dev-utils/webpackHotDevClient.js,"onHotUpdateSuccess ( )",5, 61, 6, 0
repos/javascript/create-react-app/packages/react-dev-utils/webpackHotDevClient.js,"handleSuccess ( )",16, 61, 6, 0
repos/javascript/create-react-app/packages/react-dev-utils/webpackHotDevClient.js,"printWarnings ( )",20, 80, 4, 0
repos/javascript/create-react-app/packages/react-dev-utils/webpackHotDevClient.js,"onSuccessfulHotUpdate ( )",5, 61, 6, 0
repos/javascript/create-react-app/packages/react-dev-utils/webpackHotDevClient.js,"handleWarnings ( warnings )",39, 80, 4, 0
repos/javascript/create-react-app/packages/react-dev-utils/webpackHotDevClient.js,"handleErrors ( errors )",25, 79, 2, 0
repos/javascript/create-react-app/packages/react-dev-utils/webpackHotDevClient.js,"tryDismissErrorOverlay ( )",5, 38, 4, 0
repos/javascript/create-react-app/packages/react-dev-utils/webpackHotDevClient.js,"handleAvailableHash ( hash )",4, 41, 2, 0
repos/javascript/create-react-app/packages/react-dev-utils/webpackHotDevClient.js,"connection.onmessage ( e )",24, 59, 6, 0
repos/javascript/create-react-app/packages/react-dev-utils/webpackHotDevClient.js,"isUpdateAvailable ( )",6, 62, 2, 0
repos/javascript/create-react-app/packages/react-dev-utils/webpackHotDevClient.js,"canApplyUpdates ( )",3, 41, 2, 0
repos/javascript/create-react-app/packages/react-dev-utils/webpackHotDevClient.js,"handleApplyUpdates ( err , updatedModules )",16, 70, 6, 0
repos/javascript/create-react-app/packages/react-dev-utils/webpackHotDevClient.js,"function ( updatedModules )",3, 50, 8, 0
repos/javascript/create-react-app/packages/react-dev-utils/webpackHotDevClient.js,"function ( err )",3, 39, 8, 0
repos/javascript/create-react-app/packages/react-dev-utils/webpackHotDevClient.js,"tryApplyUpdates ( onHotUpdateSuccess )",43, 75, 2, 0
repos/javascript/create-react-app/packages/react-dev-utils/typescriptFormatter.js,"formatter ( message , useColors )",41, 81, 2, 0
repos/javascript/create-react-app/packages/react-dev-utils/openBrowser.js,"getBrowserEnv ( )",18, 68, 2, 0
repos/javascript/create-react-app/packages/react-dev-utils/openBrowser.js,"executeNodeScript ( scriptPath , url )",20, 79, 6, 0
repos/javascript/create-react-app/packages/react-dev-utils/openBrowser.js,"startBrowserProcess ( browser , url )",42, 92, 2, 0
repos/javascript/create-react-app/packages/react-dev-utils/openBrowser.js,"openBrowser ( url )",14, 71, 6, 0
repos/javascript/create-react-app/packages/react-dev-utils/browsersHelper.js,"shouldSetBrowsers ( isInteractive )",18, 77, 2, 0
repos/javascript/create-react-app/packages/react-dev-utils/browsersHelper.js,"checkBrowsers ( dir , isInteractive , retry = true )",50, 77, 10, 0
repos/javascript/create-react-app/packages/react-dev-utils/launchEditor.js,"isTerminalEditor ( editor )",9, 36, 0, 0
repos/javascript/create-react-app/packages/react-dev-utils/launchEditor.js,"addWorkspaceToArgumentsIfExists ( args , workspace )",6, 60, 0, 0
repos/javascript/create-react-app/packages/react-dev-utils/launchEditor.js,"getArgumentsForLineNumber ( editor , fileName , lineNumber , colNumber , workspace )",67, 81, 2, 0
repos/javascript/create-react-app/packages/react-dev-utils/launchEditor.js,"guessEditor ( )",63, 79, 6, 0
repos/javascript/create-react-app/packages/react-dev-utils/launchEditor.js,"printInstructions ( fileName , errorMessage )",25, 79, 4, 0
repos/javascript/create-react-app/packages/react-dev-utils/launchEditor.js,"function ( errorCode )",7, 63, 6, 0
repos/javascript/create-react-app/packages/react-dev-utils/launchEditor.js,"function ( error )",3, 48, 4, 0
repos/javascript/create-react-app/packages/react-dev-utils/launchEditor.js,"launchEditor ( fileName , lineNumber , colNumber )",111, 113, 2, 0
repos/javascript/create-react-app/packages/react-dev-utils/checkRequiredFiles.js,"checkRequiredFiles ( files )",17, 69, 4, 0
repos/javascript/create-react-app/packages/react-dev-utils/errorOverlayMiddleware.js,"launchEditorMiddleware ( req , res , next )",10, 66, 6, 0
repos/javascript/create-react-app/packages/react-dev-utils/errorOverlayMiddleware.js,"createLaunchEditorMiddleware ( )",12, 66, 6, 0
repos/javascript/create-react-app/packages/react-dev-utils/noopServiceWorkerMiddleware.js,"noopServiceWorkerMiddleware ( req , res , next )",27, 87, 0, 0
repos/javascript/create-react-app/packages/react-dev-utils/noopServiceWorkerMiddleware.js,"createNoopServiceWorkerMiddleware ( )",29, 87, 0, 0
repos/javascript/create-react-app/packages/react-dev-utils/getCacheIdentifier.js,"getCacheIdentifier ( environment , packages )",12, 75, 2, 0
repos/javascript/create-react-app/packages/react-dev-utils/evalSourceMapMiddleware.js,"base64SourceMap ( source )",6, 77, 2, 0
repos/javascript/create-react-app/packages/react-dev-utils/evalSourceMapMiddleware.js,"getSourceById ( server , id )",4, 74, 2, 0
repos/javascript/create-react-app/packages/react-dev-utils/evalSourceMapMiddleware.js,"handleWebpackInternalMiddleware ( req , res , next )",16, 78, 6, 0
repos/javascript/create-react-app/packages/react-dev-utils/evalSourceMapMiddleware.js,"createEvalSourceMapMiddleware ( server )",18, 78, 6, 0
repos/javascript/create-react-app/packages/react-scripts/config/webpackDevServer.config.js,"module.exports ( proxy , allowedHost )",92, 93, 4, 0
repos/javascript/create-react-app/packages/react-scripts/config/paths.js,"ensureSlash ( inputPath , needsSlash )",10, 54, 4, 0
repos/javascript/create-react-app/packages/react-scripts/config/paths.js,"getServedPath ( appPackageJson )",6, 71, 4, 0
repos/javascript/create-react-app/packages/react-scripts/config/webpack.config.js,"module.exports ( webpackEnv )",598, 119, 6, 0
repos/javascript/create-react-app/packages/react-scripts/config/env.js,"getClientEnvironment ( publicUrl )",29, 80, 8, 0
repos/javascript/create-react-app/packages/react-scripts/template/src/serviceWorker.js,"register ( config )",33, 94, 8, 0
repos/javascript/create-react-app/packages/react-scripts/template/src/serviceWorker.js,"registerValidSW ( swUrl , config )",43, 80, 14, 0
repos/javascript/create-react-app/packages/react-scripts/template/src/serviceWorker.js,"checkValidServiceWorker ( swUrl , config )",27, 81, 6, 0
repos/javascript/create-react-app/packages/react-scripts/template/src/serviceWorker.js,"unregister ( )",7, 57, 4, 0
repos/javascript/create-react-app/packages/react-scripts/scripts/start.js,"function ( )",4, 35, 6, 0
repos/javascript/create-react-app/packages/react-scripts/scripts/start.js,"function ( sig )",6, 50, 4, 0
repos/javascript/create-react-app/packages/react-scripts/scripts/test.js,"isInGitRepository ( )",8, 74, 4, 0
repos/javascript/create-react-app/packages/react-scripts/scripts/test.js,"isInMercurialRepository ( )",8, 54, 4, 0
repos/javascript/create-react-app/packages/react-scripts/scripts/test.js,"resolveJestDefaultEnvironment ( name )",20, 47, 0, 0
repos/javascript/create-react-app/packages/react-scripts/scripts/build.js,"build ( previousFileSizes )",59, 79, 12, 0
repos/javascript/create-react-app/packages/react-scripts/scripts/build.js,"copyPublicFolder ( )",6, 49, 2, 0
repos/javascript/create-react-app/packages/react-scripts/scripts/init.js,"isInGitRepository ( )",8, 74, 4, 0
repos/javascript/create-react-app/packages/react-scripts/scripts/init.js,"isInMercurialRepository ( )",8, 54, 4, 0
repos/javascript/create-react-app/packages/react-scripts/scripts/init.js,"tryGitInit ( appPath )",33, 71, 4, 0
repos/javascript/create-react-app/packages/react-scripts/scripts/init.js,"module.exports ( appPath , appName , verbose , originalDirectory , template )",182, 83, 2, 0
repos/javascript/create-react-app/packages/react-scripts/scripts/init.js,"isReactInstalled ( appPackage )",8, 54, 2, 0
repos/javascript/create-react-app/packages/react-scripts/scripts/eject.js,"getGitStatus ( )",10, 54, 4, 0
repos/javascript/create-react-app/packages/react-scripts/scripts/eject.js,"tryGitAdd ( appPath )",15, 76, 6, 0
repos/javascript/create-react-app/packages/react-scripts/scripts/eject.js,"verifyAbsent ( file )",11, 87, 12, 0
repos/javascript/create-react-app/packages/react-scripts/scripts/utils/verifyPackageTree.js,"verifyPackageTree ( )",143, 133, 12, 0
repos/javascript/create-react-app/packages/react-scripts/scripts/utils/verifyTypeScriptSetup.js,"writeJson ( fileName , object )",3, 95, 2, 0
repos/javascript/create-react-app/packages/react-scripts/scripts/utils/verifyTypeScriptSetup.js,"verifyNoTypeScript ( )",18, 72, 8, 0
repos/javascript/create-react-app/packages/react-scripts/scripts/utils/verifyTypeScriptSetup.js,"verifyTypeScriptSetup ( )",219, 85, 8, 0
repos/javascript/create-react-app/packages/react-scripts/fixtures/kitchensink/src/subfolder/lol.js,"module.exports ( )",3, 30, 0, 0
repos/javascript/create-react-app/packages/react-scripts/fixtures/kitchensink/src/features/syntax/TemplateInterpolation.js,"load ( name )",8, 33, 4, 0
repos/javascript/create-react-app/packages/react-scripts/fixtures/kitchensink/src/features/syntax/DestructuringAndAwait.js,"load ( )",10, 28, 6, 0
repos/javascript/create-react-app/packages/react-scripts/fixtures/kitchensink/src/features/syntax/RestAndDefault.js,"load ( { id , ... rest } = { id : 0 , user : { id : 42 , name : '42' } } )",8, 75, 0, 0
repos/javascript/create-react-app/packages/react-scripts/fixtures/kitchensink/src/features/syntax/ArraySpread.js,"load ( users )",8, 26, 4, 0
repos/javascript/create-react-app/packages/react-scripts/fixtures/kitchensink/src/features/syntax/CustomInterpolation.js,"load ( )",8, 26, 4, 0
repos/javascript/create-react-app/packages/react-scripts/fixtures/kitchensink/src/features/syntax/Promises.js,"load ( )",8, 27, 2, 0
repos/javascript/create-react-app/packages/react-scripts/fixtures/kitchensink/src/features/syntax/RestParameters.js,"load ( { id = 0 , ... rest } )",8, 37, 0, 0
repos/javascript/create-react-app/packages/react-scripts/fixtures/kitchensink/src/features/syntax/ObjectSpread.js,"load ( baseUser )",8, 39, 4, 0
repos/javascript/create-react-app/packages/react-scripts/fixtures/kitchensink/src/features/syntax/AsyncAwait.js,"load ( )",8, 26, 4, 0
repos/javascript/create-react-app/packages/react-scripts/fixtures/kitchensink/src/features/syntax/DefaultParameters.js,"load ( id = 0 )",8, 31, 4, 0
repos/javascript/create-react-app/packages/react-scripts/fixtures/kitchensink/src/features/syntax/ComputedProperties.js,"load ( prefix )",8, 40, 4, 0
repos/javascript/create-react-app/packages/react-scripts/fixtures/kitchensink/src/features/syntax/ArrayDestructuring.js,"load ( )",3, 51, 2, 0
repos/javascript/create-react-app/packages/react-scripts/fixtures/kitchensink/src/features/syntax/ObjectDestructuring.js,"load ( )",8, 26, 4, 0
repos/javascript/create-react-app/packages/react-scripts/fixtures/kitchensink/src/features/syntax/Generators.js,"load ( limit )",7, 30, 4, 0
repos/javascript/create-react-app/packages/react-error-overlay/build.js,"build ( config , name , callback )",37, 71, 6, 0
repos/javascript/create-react-app/packages/react-error-overlay/build.js,"runBuildSteps ( )",7, 67, 6, 0
repos/javascript/create-react-app/packages/react-error-overlay/build.js,"function ( )",4, 36, 2, 0
repos/javascript/create-react-app/packages/react-error-overlay/build.js,"setupWatch ( )",22, 45, 4, 0
repos/javascript/create-react-app/packages/react-error-overlay/src/iframeScript.js,"render ( { currentBuildError , currentRuntimeErrorRecords , dismissRuntimeErrors , editorHandler , } )",25, 50, 8, 0
repos/javascript/create-react-app/packages/react-error-overlay/src/iframeScript.js,"updateContent ( errorOverlayProps )",11, 67, 0, 0
repos/javascript/create-react-app/packages/react-error-overlay/src/listenToRuntimeErrors.js,"stopListening ( )",6, 36, 2, 0
repos/javascript/create-react-app/packages/react-error-overlay/src/listenToRuntimeErrors.js,"listenToRuntimeErrors ( crash : ErrorRecord => void , filename : string = '/static/js/bundle.js' )",30, 73, 2, 0
repos/javascript/create-react-app/packages/react-error-overlay/src/index.js,"setEditorHandler ( handler : EditorHandler | null )",6, 66, 0, 0
repos/javascript/create-react-app/packages/react-error-overlay/src/index.js,"reportBuildError ( error : string )",4, 50, 0, 0
repos/javascript/create-react-app/packages/react-error-overlay/src/index.js,"reportRuntimeError ( error : Error , options ? : RuntimeReportingOption = { } )",7, 55, 2, 0
repos/javascript/create-react-app/packages/react-error-overlay/src/index.js,"dismissBuildError ( )",4, 38, 0, 0
repos/javascript/create-react-app/packages/react-error-overlay/src/index.js,"startReportingRuntimeErrors ( options : RuntimeReportingOptions )",17, 81, 8, 0
repos/javascript/create-react-app/packages/react-error-overlay/src/index.js,"dismissRuntimeErrors ( )",4, 41, 0, 0
repos/javascript/create-react-app/packages/react-error-overlay/src/index.js,"stopReportingRuntimeErrors ( )",11, 48, 4, 0
repos/javascript/create-react-app/packages/react-error-overlay/src/index.js,"loadingIframe.onload ( )",12, 73, 6, 0
repos/javascript/create-react-app/packages/react-error-overlay/src/index.js,"update ( )",32, 74, 2, 0
repos/javascript/create-react-app/packages/react-error-overlay/src/index.js,"updateIframeContent ( )",22, 58, 2, 0
repos/javascript/create-react-app/packages/react-error-overlay/src/index.js,"iframeReady ( )",5, 82, 0, 0
repos/javascript/create-react-app/packages/react-error-overlay/src/utils/warnings.js,"stripInlineStacktrace ( message : string )",6, 58, 0, 0
repos/javascript/create-react-app/packages/react-error-overlay/src/utils/warnings.js,"massage ( warning : string , frames : ReactFrame [ ] )",4, 40, 0, 0
repos/javascript/create-react-app/packages/react-error-overlay/src/utils/isInternalFile.js,"isInternalFile ( sourceFileName : ? string , fileName : ? string )",11, 70, 0, 0
repos/javascript/create-react-app/packages/react-error-overlay/src/utils/mapper.js,"map ( frames : StackFrame [ ] , contextLines : number = 3 )",53, 78, 10, 0
repos/javascript/create-react-app/packages/react-error-overlay/src/utils/getSourceMap.js,"extractSourceMapUrl ( fileUri : string , fileContents : string )",47, 95, 1, 0
repos/javascript/create-react-app/packages/react-error-overlay/src/utils/getSourceMap.js,"*global*",129, 140, 1, 0
repos/javascript/create-react-app/packages/react-error-overlay/src/utils/getSourceMap.js,"*global*",129, 140, 1, 0
repos/javascript/create-react-app/packages/react-error-overlay/src/utils/isBultinErrorName.js,"isBultinErrorName ( errorName : ? string )",14, 49, 0, 0
repos/javascript/create-react-app/packages/react-error-overlay/src/utils/getPrettyURL.js,"getPrettyURL ( sourceFileName : ? string , sourceLineNumber : ? number , sourceColumnNumber : ? number , fileName : ? string , lineNumber : ? number , columnNumber : ? number , compiled : boolean )",36, 86, 4, 0
repos/javascript/create-react-app/packages/react-error-overlay/src/utils/parseCompileError.js,"parseCompileError ( message : string )",35, 78, 2, 0
repos/javascript/create-react-app/packages/react-error-overlay/src/utils/generateAnsiHTML.js,"generateAnsiHTML ( txt : string )",41, 78, 8, 0
repos/javascript/create-react-app/packages/react-error-overlay/src/utils/parser.js,"extractLocation ( token : string )",12, 68, 0, 0
repos/javascript/create-react-app/packages/react-error-overlay/src/utils/parser.js,"parseStack ( stack : string [ ] )",40, 81, 8, 0
repos/javascript/create-react-app/packages/react-error-overlay/src/utils/parser.js,"parseError ( error : Error | string | string [ ] )",15, 77, 2, 0
repos/javascript/create-react-app/packages/react-error-overlay/src/utils/unmapper.js,"count ( search : string , string : string )",13, 78, 4, 0
repos/javascript/create-react-app/packages/react-error-overlay/src/utils/unmapper.js,"unmap ( _fileUri : string | { uri : string , contents : string } , frames : StackFrame [ ] , contextLines : number = 3 )",90, 80, 6, 0
repos/javascript/create-react-app/packages/react-error-overlay/src/utils/getStackFrames.js,"getStackFrames ( error : Error , unhandledRejection : boolean = false , contextSize : number = 3 )",32, 81, 8, 0
repos/javascript/create-react-app/packages/react-error-overlay/src/utils/getLinesAround.js,"getLinesAround ( line : number , count : number , lines : string [ ] | string )",18, 78, 4, 0
repos/javascript/create-react-app/packages/react-error-overlay/src/utils/dom/absolutifyCaret.js,"removeNextBr ( parent , component : ? Element )",8, 74, 2, 0
repos/javascript/create-react-app/packages/react-error-overlay/src/utils/dom/absolutifyCaret.js,"absolutifyCaret ( component : Node )",22, 53, 2, 0
repos/javascript/create-react-app/packages/react-error-overlay/src/utils/dom/css.js,"getHead ( document : Document )",3, 68, 2, 0
repos/javascript/create-react-app/packages/react-error-overlay/src/utils/dom/css.js,"injectCss ( document : Document , css : string )",10, 62, 0, 0
repos/javascript/create-react-app/packages/react-error-overlay/src/utils/dom/css.js,"removeCss ( document : Document , ref : number )",8, 54, 0, 0
repos/javascript/create-react-app/packages/react-error-overlay/src/utils/dom/css.js,"applyStyles ( element : HTMLElement , styles : Object )",10, 61, 0, 0
repos/javascript/create-react-app/packages/react-error-overlay/src/components/CloseButton.js,"CloseButton ( { close } : { | close : CloseCallback | } )",11, 62, 0, 0
repos/javascript/create-react-app/packages/react-error-overlay/src/components/Header.js,"Header ( props : HeaderPropType )",3, 60, 2, 0
repos/javascript/create-react-app/packages/react-error-overlay/src/components/NavigationBar.js,"NavigationBar ( props : NavigationBarPropsType )",16, 63, 2, 0
repos/javascript/create-react-app/packages/react-error-overlay/src/components/CodeBlock.js,"CodeBlock ( props : CodeBlockPropsType )",10, 69, 2, 0
repos/javascript/create-react-app/packages/react-error-overlay/src/components/Footer.js,"Footer ( props : FooterPropsType )",9, 42, 0, 0
repos/javascript/create-react-app/packages/react-error-overlay/src/containers/RuntimeError.js,"RuntimeError ( { errorRecord , editorHandler } : Props )",34, 81, 4, 0
repos/javascript/create-react-app/packages/react-error-overlay/src/containers/StackFrameCodeBlock.js,"function ( e )",12, 54, 6, 0
repos/javascript/create-react-app/packages/react-error-overlay/src/containers/StackFrameCodeBlock.js,"function ( e )",9, 41, 6, 0
repos/javascript/create-react-app/packages/react-error-overlay/src/containers/StackFrameCodeBlock.js,"StackFrameCodeBlock ( props : Exact < StackFrameCodeBlockPropsType > )",70, 75, 0, 0
repos/javascript/create-react-app/packages/react-error-overlay/src/effects/unhandledError.js,"errorHandler ( callback : ErrorCallback , e : Event )",14, 65, 0, 0
repos/javascript/create-react-app/packages/react-error-overlay/src/effects/unhandledError.js,"registerUnhandledError ( target : EventTarget , callback : ErrorCallback )",7, 80, 0, 0
repos/javascript/create-react-app/packages/react-error-overlay/src/effects/unhandledError.js,"unregisterUnhandledError ( target : EventTarget )",7, 58, 2, 0
repos/javascript/create-react-app/packages/react-error-overlay/src/effects/stackTraceLimit.js,"registerStackTraceLimit ( limit : number = MAX_STACK_LENGTH )",12, 69, 0, 0
repos/javascript/create-react-app/packages/react-error-overlay/src/effects/stackTraceLimit.js,"unregisterStackTraceLimit ( )",11, 67, 4, 0
repos/javascript/create-react-app/packages/react-error-overlay/src/effects/proxyConsole.js,"function ( )",3, 34, 10, 0
repos/javascript/create-react-app/packages/react-error-overlay/src/effects/proxyConsole.js,"__stack_frame_overlay_proxy_console__ ( )",14, 76, 12, 0
repos/javascript/create-react-app/packages/react-error-overlay/src/effects/proxyConsole.js,"proxyConsole ( type : string , callback : ConsoleProxyCallback )",24, 76, 12, 0
repos/javascript/create-react-app/packages/react-error-overlay/src/effects/unhandledRejection.js,"rejectionHandler ( callback : ErrorCallback , e : PromiseRejectionEvent )",15, 58, 2, 0
repos/javascript/create-react-app/packages/react-error-overlay/src/effects/unhandledRejection.js,"registerUnhandledRejection ( target : EventTarget , callback : ErrorCallback )",11, 72, 2, 0
repos/javascript/create-react-app/packages/react-error-overlay/src/effects/unhandledRejection.js,"unregisterUnhandledRejection ( target : EventTarget )",8, 75, 2, 0
repos/javascript/create-react-app/packages/babel-plugin-named-asset-import/index.js,"generateNewSourcePath ( loaderMap , moduleName , sourcePath )",7, 70, 2, 0
repos/javascript/create-react-app/packages/babel-plugin-named-asset-import/index.js,"replaceMatchingSpecifiers ( path , loaderMap , callback )",19, 68, 4, 0
repos/javascript/create-react-app/packages/babel-plugin-named-asset-import/index.js,"namedAssetImportPlugin ( { types : t } )",99, 81, 14, 0
repos/javascript/create-react-app/packages/create-react-app/createReactApp.js,"printValidationResults ( results )",7, 49, 6, 0
repos/javascript/create-react-app/packages/create-react-app/createReactApp.js,"createApp ( name , verbose , version , useNpm , usePnp , useTypescript , template )",113, 120, 6, 0
repos/javascript/create-react-app/packages/create-react-app/createReactApp.js,"shouldUseYarn ( )",8, 56, 4, 0
repos/javascript/create-react-app/packages/create-react-app/createReactApp.js,"install ( root , useYarn , usePnp , dependencies , verbose , isOnline )",61, 77, 6, 0
repos/javascript/create-react-app/packages/create-react-app/createReactApp.js,"run ( root , appName , version , verbose , originalDirectory , template , useYarn , usePnp , useTypescript )",118, 97, 12, 0
repos/javascript/create-react-app/packages/create-react-app/createReactApp.js,"getInstallPackage ( version , originalDirectory )",20, 61, 4, 0
repos/javascript/create-react-app/packages/create-react-app/createReactApp.js,"getTemporaryDirectory ( )",23, 80, 14, 0
repos/javascript/create-react-app/packages/create-react-app/createReactApp.js,"extractStream ( stream , dest )",13, 44, 2, 0
repos/javascript/create-react-app/packages/create-react-app/createReactApp.js,"getPackageName ( installPackage )",53, 106, 8, 0
repos/javascript/create-react-app/packages/create-react-app/createReactApp.js,"checkNpmVersion ( )",16, 49, 4, 0
repos/javascript/create-react-app/packages/create-react-app/createReactApp.js,"checkYarnVersion ( )",20, 77, 4, 0
repos/javascript/create-react-app/packages/create-react-app/createReactApp.js,"checkNodeVersion ( packageName )",30, 70, 2, 0
repos/javascript/create-react-app/packages/create-react-app/createReactApp.js,"checkAppName ( appName )",29, 79, 10, 0
repos/javascript/create-react-app/packages/create-react-app/createReactApp.js,"makeCaretRange ( dependencies , name )",21, 79, 6, 0
repos/javascript/create-react-app/packages/create-react-app/createReactApp.js,"setCaretRangeForRuntimeDeps ( packageName )",20, 80, 2, 0
repos/javascript/create-react-app/packages/create-react-app/createReactApp.js,"isSafeToCreateProjectIn ( root , name )",59, 81, 6, 0
repos/javascript/create-react-app/packages/create-react-app/createReactApp.js,"getProxy ( )",15, 62, 6, 0
repos/javascript/create-react-app/packages/create-react-app/createReactApp.js,"checkThatNpmCanReadCwd ( )",60, 119, 10, 0
repos/javascript/create-react-app/packages/create-react-app/createReactApp.js,"checkIfOnline ( useYarn )",22, 78, 8, 0
repos/javascript/create-react-app/packages/create-react-app/createReactApp.js,"executeNodeScript ( { cwd , args } , data , source )",19, 59, 6, 0
repos/javascript/create-react-app/docusaurus/website/pages/en/index.js,"imgUrl ( img )",3, 44, 2, 0
repos/javascript/create-react-app/docusaurus/website/pages/en/index.js,"docUrl ( doc , language )",3, 78, 2, 0
